modifier,category
Park So-hee,Artist
Adam Rex,Artist
Ai Weiwei,Artist
Alberto Seveso,Artist
Alison Geissler,Artist
Andrea del Sarto,Artist
August Sander,Artist
Studio LICO,Artist
Bastien L. Deharme,Artist
Bastien Lecouffe-Deharme,Artist
Brad Kunkle,Artist
Bruce Pennington,Artist
Cassius Marcellus Coolidge,Artist
Chris Rahn,Artist
Christian W. Staudinger,Artist
Jean-Auguste-Dominique Ingres,Artist
Dan Mumford,Artist
Daryush Shokof,Artist
David LaChapelle,Artist
Alexandre Cabanel,Artist
David Wojnarowicz,Artist
Dino Valls,Artist
Dirk Crabeth,Artist
Alphonse Mucha,Artist
Antonio Canova,Artist
Eglon van der Neer,Artist
Ejler Bille,Artist
endrik Goltzius,Artist
Eric Zener,Artist
Everett Warner,Artist
Frank McKelvey,Artist
George Biddle,Artist
Gerard David,Artist
Gottfried Helnwein,Artist
Hanns Katz,Artist
Hans Baldung,Artist
Harvey Quaytman,Artist
Henry Snell Gamley,Artist
Hieronim Bosch,Artist
irakli nadar,Artist
Ivan Aivazovsky,Artist
Jacek Yerka,Artist
Jacopo Bassano,Artist
James Paick,Artist
Jaros_aw Ja_nikowski,Artist
Titian,Artist
Jason A. Engle,Artist
Peter Paul Rubens,Artist
Jason Edmiston,Artist
Jeremy Geddes,Artist
Jesse Richards,Artist
Jim Burns,Artist
John Backderf,Artist
Francisco Goya,Artist
John Carpenter,Artist
Julian Allen,Artist
Karol Bak,Artist
Kuno Veeber,Artist
Lawrence Harris,Artist
Lisa Frank,Artist
Lise Deharme,Artist
Lucas Vorsterman,Artist
Lucy Angeline Bacon,Artist
Maciej Kuciara,Artist
mads berg,Artist
Marcel Duchamp,Artist
William-Adolphe Bouguereau,Artist
Marek Okon,Artist
Margaret Bruce Wells,Artist
Marina Abramovi_,Artist
Mark Rothko,Artist
Matt Groening,Artist
Matteo P¨¦rez,Artist
M¨¦ret Oppenheim,Artist
Michelangelo Buonarroti,Artist
Otto Dix,Artist
Raymond Swanland,Artist
Jean-L¨¦on G¨¦r_me,Artist
Richard Artschwager,Artist
Richard Demarco,Artist
Roberto Ferri,Artist
Ross Tran,Artist
Rube Goldberg,Artist
Ryohei Hase,Artist
Sam Spratt,Artist
Egon Schiele,Artist
Gustav Klimt,Artist
Sarah Lucas,Artist
Trevor Brown,Artist
Troels W_rsel,Artist
Tyler Jacobson,Artist
Wayne Barlowe,Artist
Will Ellis,Artist
Wojciech Weiss,Artist
Yerkaland,Artist
Zeen Chin,Artist
Patrick Brown,Artist
Shunya Yamashita,Artist
Kim Jung Gi,Artist
Jeremy Mann,Artist
Alex Grey,Artist
Audrey Kawasaki,Artist
Greg Rutkowski,Artist
Magali Villeneuve,Artist
Craig Davison,Artist
<Silent Hill>,Artist
<Hellraiser>,Artist
<The Cell>,Artist
<Suspiria>,Artist
<Midsommar>,Artist
<Possession>,Artist
<Crimson Peak>,Artist
<The Witch>,Artist
<The Neon Demon>,Artist
<Under the Skin>,Artist
<Species>,Artist
<Final Fantasy X>,Artist
<Cyberpunk 2077>,Artist
<Bayonetta>,Artist
<Dark Souls>,Artist
<The Witcher>,Artist
<Death comes>,Artist
basquiat,Artist
<Castlevania>,Artist
Gerhard Sebastian Hamor,Artist
Kekai Kotaki,Artist
Ilya Nazarov,Artist
Dave Rapoza,Artist
Yoji Shinkawa,Artist
Even Amundsen,Artist
Billelis,Artist
Art of Loish,Artist
Serge Birault,Artist
Heli Kennedy,Artist
James Jean,Artist
Zdzis_aw Beksi¨½ski,Artist
Michael Hussar,Artist
Saturno Butt¨°,Artist
David Stoupakis,Artist
Peter Mohrbacher,Artist
Alex Ross,Artist
Mike Mignola,Artist
Eytan Zana,Artist
Raphael Lacoste,Artist
Honglin,Artist
Misha,Artist
WLOP,Artist
Benjamin,Artist
Tony Taka,Artist
Saitom,Artist
Kantoku,Artist
ReDrop,Artist
Hyung-tae Kim,Artist
Carnelian,Artist
Nekomura,Artist
Sakizou,Artist
JSKK,Artist
4k,Flavor
shadows of zombies,Flavor
8k,Flavor
zombies attack,Flavor
AI surrealism,Flavor
zombies in the streets,Flavor
ambient light,Flavor
promotional images,Flavor
masterpiece concept art,Flavor
apocalyptic,Flavor
art exhibition style,Flavor
matte painting of human mind,Flavor
award-winning,Flavor
photorealistic dark concept art,Flavor
backlit,Flavor
surreal matte painting,Flavor
black and white,Flavor
creepy art,Flavor
bloom,Flavor
horror surreal art,Flavor
calm,Flavor
space art,Flavor
candlelit,Flavor
sots art,Flavor
chaotic energy,Flavor
les edwards poster art,Flavor
cinematic quality,Flavor
wayne barlowe's inferno,Flavor
claustrophobic,Flavor
wayne barlowe and artem demura,Flavor
color splash,Flavor
beksinski and dan mumford,Flavor
colorful,Flavor
wide angle. wayne barlowe,Flavor
concept art quality,Flavor
cool tone,Flavor
cover art quality,Flavor
craziness,Flavor
depth of field,Flavor
desaturated,Flavor
digital render,Flavor
disturbing,Flavor
dreamlike,Flavor
DSLR quality,Flavor
duotone,Flavor
earth tones,Flavor
ecstatic,Flavor
editorial style,Flavor
eerie,Flavor
emotional,Flavor
emotive,Flavor
erotic tension,Flavor
Ethereal,Flavor
explosive,Flavor
fantasy artbook,Flavor
featured on DeviantArt,Flavor
fleshy,Flavor
flickering light,Flavor
foggy,Flavor
glass-like,Flavor
glossy coating,Flavor
glow,Flavor
glow in the dark,Flavor
god rays,Flavor
grayscale,Flavor
gritty,Flavor
harsh lighting,Flavor
haunting,Flavor
high contrast,Flavor
high fidelity,Flavor
high resolution,Flavor
hyperactive,Flavor
hyperdetailed,Flavor
hyper-stylized,Flavor
hypnotic,Flavor
IMAX,Flavor
incredible composition,Flavor
infrared glow,Flavor
Instagram-worthy,Flavor
intensely atmospheric,Flavor
introspective,Flavor
latex,Flavor
leather surface,Flavor
lens flare,Flavor
liminal,Flavor
loneliness,Flavor
lustful,Flavor
macro lens,Flavor
manic,Flavor
marble texture,Flavor
masterpiece,Flavor
matte finish,Flavor
melancholic,Flavor
memeable,Flavor
metallic sheen,Flavor
misty,Flavor
monochrome,Flavor
moody,Flavor
motion blur,Flavor
muted colors,Flavor
mysterious,Flavor
neon glow,Flavor
neon palette,Flavor
noir,Flavor
NSFW masterpiece,Flavor
ominous,Flavor
organic texture,Flavor
overexposed,Flavor
paranoid,Flavor
pastel tones,Flavor
peaceful,Flavor
photorealistic,Flavor
plastic texture,Flavor
porcelain-like,Flavor
provocative,Flavor
psychedelic,Flavor
realistic texture,Flavor
reflective,Flavor
retina detail,Flavor
rim lighting,Flavor
romantic,Flavor
rough,Flavor
rusty,Flavor
saturated,Flavor
screaming silence,Flavor
sensual,Flavor
sepia,Flavor
sexual energy,Flavor
shadowy,Flavor
sinister,Flavor
smooth surface,Flavor
soft horror,Flavor
spotlight,Flavor
sticky,Flavor
battlefield 4,Flavor
battlefield background,Flavor
studio lighting,Flavor
subsurface scattering,Flavor
battlefield backround,Flavor
super detailed,Flavor
urban warfare,Flavor
super sharp,Flavor
battlefield war zone,Flavor
surreal,Flavor
style = retro-futurism,Flavor
tense mood,Flavor
classic bond iconic shot,Flavor
translucent,Flavor
pierce brosnan as james bond,Flavor
roger moore as james bond,Flavor
trending on ArtStation,Flavor
ultra hd,Flavor
movie still of james bond,Flavor
utamaro kitagawa style,Flavor
underexposed,Flavor
unsettling,Flavor
highly detailed kimono,Flavor
velvety,Flavor
japanese print art,Flavor
vibrant colors,Flavor
japanese art style,Flavor
visually arresting,Flavor
classical japanese art,Flavor
warm tone,Flavor
still frame from the simpsons,Flavor
washed out,Flavor
style simpsons,Flavor
wet skin,Flavor
simpsons,Flavor
marge,Flavor
yearning,Flavor
from a huge red glass bong,Flavor
high times magazine aesthetic,Flavor
pink smoke,Flavor
pink cloud background,Flavor
dramatic pink light,Flavor
male anatomy,Flavor
full details anatomy poster,Flavor
hyperrealistic anatomy content,Flavor
male body,Flavor
3d render of a man's body,Flavor
anton semenov,Flavor
detailed 4k artwork,Flavor
dan mumford and alex grey style,Flavor
el bosco and dan mumford,Flavor
scary detailed art in color,Flavor
apocalyptic art,Flavor
sea of blood,Flavor
dystopian art,Flavor
blood on sand,Flavor
rivers of blood,Flavor
dark industrial atmosphere,Flavor
cat photography,Flavor
cinematic moody lighting,Flavor
photo of a cat,Flavor
award winning horror photography,Flavor
milk bath photography,Flavor
mixed media photography,Flavor
4 k editorial photograph,Flavor
detailed conceptual photography,Flavor
realistic portrait photography,Flavor
nightmare before christmas,Flavor
the nightmare before christmas,Flavor
jack skellington,Flavor
intricate gothic bones and meat,Flavor
francis bacon masterpiece,Flavor
hannah yata,Flavor
hannah yata charlie immer,Flavor
nychos art aesthetic,Flavor
yosuke ueno,Flavor
magical realism bizarre art,Flavor
naoto hattori,Flavor
todd schorr highly detailed,Flavor
highly detailed surrealist art,Flavor
chris mars,Flavor
technicolor horror,Flavor
scary color art in 4 k,Flavor
detailed 4k horror artwork,Flavor
in the style dan mumford artwork,Flavor
shipwreck,Flavor
brazilan supermodel,Flavor
aykut aydogdu zener,Flavor
nadav kander,Flavor
short puffy pants made of silk,Flavor
underwear ad,Flavor
censored,Flavor
clothed non - nude portrait,Flavor
male art,Flavor
tom bagshaw and sabbas apterus,Flavor
h. r. giger and tom bagshaw,Flavor
mark brooks and brad kunkle,Flavor
by tom bagshaw and boris vallejo,Flavor
sabbas apterus,Flavor
very roberto ferri,Flavor
michelangelo 1550s,Flavor
realistic 8k bernini sculpture,Flavor
art high renaissance art,Flavor
hyper realism renaissance art,Flavor
ash thorp,Flavor
trending on artstation 4k,Flavor
detailed red lighting,Flavor
zdzis_aw beksi¨½ski style,Flavor
antoine collignon,Flavor
in style of ivan aivazovsky,Flavor
a ship lost in a storm,Flavor
boris vallejo and tom bagshaw,Flavor
cyberpunk cyborg. Roses,Flavor
very very roberto ferri,Flavor
gothic ship on ocean,Flavor
award-winning oil painting,Flavor
hyper real painting,Flavor
hyper real oil painting,Flavor
archival photography,Flavor
live-action archival footage,Flavor
archive photography,Flavor
crowds of people,Flavor
crowd cheers him,Flavor
mucha and artem demura,Flavor
highly detailed dark art,Flavor
style of raymond swanland,Flavor
stefan gesell,Flavor
greg rutkowski and francis bacon,Flavor
resident evil virus concept art,Flavor
soma game art style,Flavor
neoplasticism art,Flavor
inside a decayed operating room,Flavor
inside a decayed surgical room,Flavor
3D Render,Medium
Abstract Art,Medium
Acrylic painting,Medium
Anime,Medium
Armor concept,Medium
Balloon modeling,Medium
Black and white photography,Medium
Body jewelry concept,Medium
Body painting,Medium
Book cover,Medium
Cartoon,Medium
Ceramics,Medium
CGI,Medium
Charcoal Drawing,Medium
Claymation,Medium
CNC plot drawing,Medium
Comics,Medium
Concept art,Medium
Cosplay armor rendering,Medium
Crayon,Medium
Data art,Medium
DeviantArt concept,Medium
Digital Art,Medium
Digital photography,Medium
Digital sketch,Medium
Doodle art,Medium
Eggshell mosaic,Medium
Embroidery,Medium
Enamel painting,Medium
Fantasy goddess illustration,Medium
Fantasy hair styling,Medium
Fashion photography,Medium
Film photography,Medium
Foil art,Medium
Food plating,Medium
Game art,Medium
Game UI mockup,Medium
Generative art,Medium
glitch art,Medium
Gouache,Medium
fine art painting,Medium
Headdress fashion,Medium
Holography,Medium
Ink drawing,Medium
Lace veil fashion,Medium
Latex cosplay,Medium
Latex fashion,Medium
Line Drawing,Medium
Lingerie illustration,Medium
Lithograph,Medium
Magazine illustration,Medium
Makeup design,Medium
Manga,Medium
Marble statue,Medium
Medical illustration,Medium
Motion graphics,Medium
Mural,Medium
Nude statue,Medium
Oil Painting,Medium
Pencil Sketch,Medium
Performance art,Medium
Photography,Medium
Pin-up Art,Medium
Poster,Medium
Projection mapping,Medium
Pulp Magazine Cover,Medium
Renaissance Art,Medium
Scroll painting,Medium
Sculpture,Medium
Silhouette art,Medium
Silks and veil fashion,Medium
Stained glass style,Medium
Statue,Medium
Sumi-e,Medium
Tattoo design,Medium
Technical Illustration,Medium
Time-lapse photography,Medium
UV body paint,Medium
VTuber rigged model,Medium
Watercolor,Medium
Weaving,Medium
Wood carving,Medium
Abstract Expressionism,Movement
AI Collage Style,Movement
AI Deformation Style,Movement
Ai Girls,Movement
Art Deco,Movement
Art Nouveau,Movement
Ashcan School,Movement
Backrooms Style,Movement
Barbarian Fantas,Movement
Barbiecore,Movement
Barbizon School,Movement
Baroque,Movement
Bauhaus Style,Movement
Brutalism,Movement
Burlesque,Movement
Chalkboard Style,Movement
cinematic,Movement
Cloisonnism,Movement
Color Field Painting,Movement
Comic Style,Movement
Constructivism,Movement
Contemporary Indigenous Art,Movement
Cottagecore,Movement
Cubism,Movement
Cyberpunk,Movement
Dadaism,Movement
Dark Movement,Movement
Decadent Movement,Movement
Der Blaue Reiter,Movement
Dieselpunk,Movement
Digital Brutalism,Movement
Dreamcore,Movement
Egirl,Movement
Ethereal,Movement
Expressionism,Movement
Fairycore,Movement
Fauvism,Movement
Feminist Art Movement,Movement
Fleshcore,Movement
Futurism,Movement
futurism Unrealisim,Movement
Futurist Manifesto Style,Movement
Gacha Girl Style,Movement
Goblincore,Movement
Gothcore,Movement
Gothic Style,Movement
Graffiti,Movement
Grimdark,Movement
Grunge Art,Movement
Hard-edge Painting,Movement
Heroic Fantasy,Movement
High Fantasy Style,Movement
horror art,Movement
Hudson River School,Movement
Hyperrealism,Movement
Impressionism,Movement
Ink Wash Style,Movement
Isometric Design,Movement
Kitsch Art,Movement
Lolicon,Movement
Low Fantasy,Movement
Low Poly Style,Movement
Lyrical Abstraction,Movement
Magic Realism,Movement
Mermaidcore,Movement
Metaphysical Art,Movement
Minimalism,Movement
Mythological Style,Movement
Na_ve Art,Movement
Neoclassicism,Movement
Neo-Expressionism,Movement
Neural Girls,Movement
New Objectivity,Movement
Nihonga,Movement
Op Art,Movement
Orientalism,Movement
Orphism,Movement
Photorealism,Movement
Pixel Art,Movement
Pop Art,Movement
Post-Digital Aesthetic,Movement
Post-Impressionism,Movement
Post-Internet Art,Movement
Post-Minimalism,Movement
Precisionism,Movement
Purism,Movement
Rayonism,Movement
Realism,Movement
Relational Aesthetics,Movement
Retrowave,Movement
Rococo,Movement
Romanticism,Movement
sci-fi,Movement
Sensory Overload Style,Movement
Shock Art,Movement
Shotacon Style,Movement
Steampunk,Movement
Street Art,Movement
Stuckism,Movement
Succubus Aesthetic,Movement
Suprematism,Movement
Surrealism,Movement
Symbolism,Movement
Synthwave,Movement
Tachisme,Movement
Tonalism,Movement
Transavantgarde,Movement
Transgressive Art,Movement
Ukiyo-e,Movement
Vienna Secession,Movement
Virtual Brutalism,Movement
Visionary Art,Movement
Vorticism,Movement
Y2K aesthetic,Movement
YBAs,Movement
Young British Artists,Movement
cg society contest winner,Trending
behance,Trending
behance contest winner,Trending
OnlyFans cover style,Trending
cg society,Trending
Behance gallery style,Trending
cgsociety,Trending
deviantart,Trending
award-winning illustration,Trending
featured on cgsociety,Trending
Instagram-worthy,Trending
featured on deviantart,Trending
featured on flickr,Trending
featured on pixiv,Trending
Viral Twitter art,Trending
featured on polycount,Trending
featured on unsplash,Trending
featured on zbrush central,Trending
flickr contest winner,Trending
instagram contest winner,Trending
Pixiv fan favorite,Trending
pixabay contest winner,Trending
pixiv,Trending
pixiv contest winner,Trending
reddit contest winner,Trending
shutterstock contest winner,Trending
trending on Artstation,Trending
trending on pinterest,Trending
trending on pixiv,Trending
trending on tumblr,Trending
trending on zbrush central,Trending
ImaginaryNSFW,Trending
tumblr contest winner,Trending
unsplash contest winner,Trending
top voted on Reddit r,Trending
zbrush central,Trending
CGSociety award-winning,Trending
cover art for erotic novel,Trending
NSFW masterpiece,Trending
popular fantasy card art,Trending
anime expo poster,Trending
fashion magazine cover,Trending
music video still,Trending
film noir scene,Trending
top gallery highlight,Trending
award-winning erotic concept,Trending
cover of a fantasy novel,Trending
best of month on ArtStation,Trending
trending on NSFW Discord,Trending
viral DeviantArt pin-up,Trending
liked by AI art Twitter,Trending
rising on HuggingFace spaces,Trending
LoRA popular model output,Trending
commissioned on Skeb,Trending
trending tag on Pixiv,Trending
fan-favorite from doujin event,Trending
ultra cinematic NSFW,Trending
visually arresting,Trending
erotic composition masterclass,Trending
digital fantasy showcase,Trending
epic scale sexy art,Trending
next-gen concept render,Trending
fine art nude revival,Trending
NFT-style provocative portrait,Trending
cyber-pop erotic concept,Trending
award-winning book illustration,Trending
posted on Tumblr,Trending
top voted on Reddit r/ImaginaryNSFW,Trending
TikTok trending,Trending
Pinterest editorial,Trending
fantasy card game art,Trending
featured on AIArtists.org,Trending
posted on Artbreeder,Trending
popular on Danbooru,Trending
top on PixAI,Trending
spotlight on Behance Erotic,Trending
winner of CGChallenge,Trending
posted on Skeb,Trending
trending on NovelAI,Trending
shared on Furaffinity,Trending
NSFW tag on LoRA showcase,Trending
luxury erotic illustration,Trending
neo-romantic nude,Trending
digital latex aesthetic,Trending
AI sculpture render,Trending
neon bondage glamour,Trending
feminine dark fantasy,Trending
erotic y2k nostalgia,Trending
goddess cosplay fantasy,Trending
fashion x flesh fusion,Trending
mirror room boudoir,Trending
shared by NSFW Midjourney Club,Trending
top prompt on Reddit r/NSFWPrompt,Trending
retweeted by AI Nudity Index,Trending
discord trending LoRA set,Trending
